<?xml version="1.0" encoding="utf-8"?>
<extension type="module" client="site" method="upgrade">
	<name>MOD_SPLIDEGHSVS</name>
	<author>G@HService Berlin Neukölln, Volkmar Volli Schlothauer</author>
	<creationDate>2021-12-25</creationDate>
	<copyright>(C) 2021, G@HService Berlin Neukölln, Volkmar Volli Schlothauer (ghsvs.de)</copyright>
	<license>GNU General Public License version 3 or later; see LICENSE.txt.</license>
	<authorUrl>https://ghsvs.de</authorUrl>
	<version>2022.05.15</version>
	<description>MOD_SPLIDEGHSVS_XML_DESCRIPTION</description>

	<updateservers><server type="extension" priority="1" name="MOD_SPLIDEGHSVS">https://raw.githubusercontent.com/GHSVS-de/upadateservers/master/mod_splideghsvs-update.xml</server></updateservers>

	<changelogurl>https://raw.githubusercontent.com/GHSVS-de/upadateservers/master/mod_splideghsvs-changelog.xml</changelogurl>

	<infourl>https://updates.ghsvs.de/changelog.php?file=mod_splideghsvs</infourl>

	<versionCompare>
	https://github.com/GHSVS-de/mod_splideghsvs/compare/2022.04.05...2022.05.15
	</versionCompare>

	<scriptfile>installerScript.php</scriptfile>
	<minimumPhp>7.4.0</minimumPhp>
	<maximumPhp>8.99999.99999</maximumPhp>
	<minimumJoomla>4.0.0</minimumJoomla>
	<maximumJoomla>4.9999.9999</maximumJoomla>
	<allowDowngrades>1</allowDowngrades>

	<files>
		<filename module="mod_splideghsvs">mod_splideghsvs.php</filename>
		<filename>installerScript.php</filename>
		<filename>LICENSE.txt</filename>
		<folder>language</folder>
		<folder>src</folder>
		<folder>tmpl</folder>
	</files>

	<media folder="media" destination="mod_splideghsvs">
		<filename>LICENSE_splide.txt</filename>
		<filename>mediaVersion.txt</filename>
		<folder>css</folder>
		<folder>js</folder>
		<folder>json</folder>
		<folder>scss</folder>
	</media>
	<namespace path="src">Joomla\Module\SplideGhsvs</namespace>
	<config>
		<fields name="params" addfieldpath="modules/mod_splideghsvs/src/Field">

			<fieldset name="basic">

			</fieldset><!--/basic-->

			<fieldset name="createSlides"
				label="MOD_SPLIDEGHSVS_CREATESLIDES">

			<field name="fotos" type="subform" min="1" max="100" multiple="true"
				formsource="modules/mod_splideghsvs/src/Form/subform.xml"
				layout="joomla.form.field.subform.repeatable" groupByFieldset="false"
				label=""
				hiddenLabel="true"
				description="" />

			</fieldset><!--/createSlides-->

			<fieldset name="sliderSettings"
				label="MOD_SPLIDEGHSVS_SLIDERSETTINGS">

				<!-- <field name="sliderType" type="list" default="synced" filter="string"
					label="MOD_SPLIDEGHSVS_SLIDERTYPE">
					<option value="synced">MOD_SPLIDEGHSVS_SLIDERTYPE_SYNCED</option>
				</field> -->

				<field name="themeSpacer" type="note"
					class="alert alert-info"
					label="MOD_SPLIDEGHSVS_THEME"
					description="MOD_SPLIDEGHSVS_THEME_DESC"/>

				<field name="theme" type="modSplideGhsvs.FileListRecursive"
					default="splide-core.css"
					label="MOD_SPLIDEGHSVS_THEME"
					filter="\.css$" fileFilter="\.css$"
					exclude="\.min\.css$"
					hide_default="true"
					hide_none="true"
					directory="media/mod_splideghsvs/css/splide">
						<option value="0">JNONE</option>
				</field>

				<!-- <field name="customCssFileSpacer" type="note" close="true" class="alert"
					label="MOD_SPLIDEGHSVS_CUSTOMCSSFILE"
					description="MOD_SPLIDEGHSVS_CUSTOMCSSFILE_DESC"/> -->

				<!-- <field type="text" name="customCssFile" filter="string" default=""
					class="extended-width"
					label="MOD_SPLIDEGHSVS_CUSTOMCSSFILE"
					hint="MOD_SPLIDEGHSVS_CUSTOMCSSFILE_HINT"/>

				<field name="sliderConfSpacer" type="note" close="true" class="alert"
					label="MOD_SPLIDEGHSVS_SLIDERCONF"
					description="MOD_SPLIDEGHSVS_SLIDERCONF_DESC"/>

				<field name="sliderConf" type="modSplideGhsvs.FileListRecursive"
					default="0"
					label="MOD_SPLIDEGHSVS_SLIDERCONF"
					filter="\.json$" fileFilter="\.json$"
					hide_default="true"
					hide_none="true"
					directory="media/mod_splideghsvs/json/sliderConfig">
						<option value="0">MOD_SPLIDEGHSVS_SLIDERCONF_CUSTOM</option>
				</field>

				<field type="text" name="sliderConfCustom" filter="string" default=""
					class="extended-width"
					label="MOD_SPLIDEGHSVS_CUSTOMJSONFILE"
					showon="sliderConf:0"
					hint="MOD_SPLIDEGHSVS_CUSTOMJSONFILE_HINT"/> -->

			</fieldset><!--/sliderSettings-->

			<fieldset name="advanced">
				<field name="layout" type="modulelayout" class="custom-select"
					label="JFIELD_ALT_LAYOUT_LABEL"
					description="JFIELD_ALT_MODULE_LAYOUT_DESC" />

				<field name="moduleclass_sfx" type="textarea" rows="3"
					label="COM_MODULES_FIELD_MODULECLASS_SFX_LABEL"/>

				<field name="cache" type="list" default="1"
					label="COM_MODULES_FIELD_CACHING_LABEL">
					<option value="1">JGLOBAL_USE_GLOBAL</option>
					<option value="0">COM_MODULES_FIELD_VALUE_NOCACHING</option>
				</field>

				<field name="cache_time" type="number" default="900"
					label="COM_MODULES_FIELD_CACHE_TIME_LABEL"/>

				<field name="cachemode" type="hidden" default="static">
					<option value="static"></option>
				</field>
			</fieldset><!--/advanced-->
		</fields>
	</config>
</extension>
